country,iso3,continent,year,pop,lifeExp,gdpPercap
Brunei,BRN,Asia,2023,458949,75.327,32962.90645259025
United States,USA,Americas,2023,336806231,79.304,81236.42760041455
Dominican Republic,DOM,Americas,2023,11331265,73.72,10717.627671220362
Greece,GRC,Europe,2023,10407351,81.857,22888.275088687573
Burkina Faso,BFA,Africa,2023,23025776,61.092,882.689809844743
Senegal,SEN,Africa,2023,18077573,68.683,1715.6056528819468
Cyprus,CYP,Asia,2023,1344976,81.648,23962.972327532323
East Timor,TLS,Asia,2023,1384286,67.689,1620.433139150154
Ireland,IRL,Europe,2023,5311538,82.412,102725.32181897882
Macao,MAC,Asia,2023,678800,83.075,69330.94242170961
Papua New Guinea,PNG,Oceania,2023,10389635,66.134,2977.245711691667
Japan,JPN,Asia,2023,124516650,84.712,33834.39210564533
Sierra Leone,SLE,Africa,2023,"8,460,512",,450.3075271283337
Switzerland,CHE,Europe,2023,8888822,83.954,99556.54441391773
Uruguay,URY,Americas,2023,3388081,78.138,22797.8113826579
Guatemala,GTM,Americas,2023,18124838,72.602,5630.421296104073
France,FRA,Europe,2023,68372286,83.325,44329.42449237248
Solomon Islands,SLB,Oceania,2023,800005,70.528,2039.0956320462449
Mauritania,MRT,Africa,2023,"5,022,441",68.484,2081.174684333387
Morocco,MAR,Africa,2023,37712505,75.313,3741.7130792402777
Peru,PER,Americas,2023,33845617,77.74,7906.585028579999
Zimbabwe,ZWE,Africa,2023,16340822,62.775,1624.0476457577313
Kenya,KEN,Africa,2023,55339003,63.646,1941.498220306707
Oman,OMN,Asia,2023,5049269,80.031,21427.35071894985
Philippines,PHL,Asia,2023,114891199,69.833,3804.872579752104
Madagascar,MDG,Africa,2023,31195932,63.632,513.9036370165037
Andorra,AND,Europe,2023,80856,84.041,46102.6218588505
Turks and Caicos Islands,TCA,Americas,2023,46198,78.008,30348.81144091389
Serbia,SRB,Europe,2023,6623183,76.769,11352.11354219528
Netherlands,NLD,Europe,2023,17877117,82.158,62545.0261295652
Guinea,GIN,Africa,2023,14405468,60.74,1639.1203547219775
Myanmar,MMR,Asia,2023,54133798,66.889,
Niger,NER,Africa,2023,26159867,61.183,642.9379178634706
Chad,TCD,Africa,2023,19319064,55.069,680.6398777258702
Seychelles,SYC,Africa,2023,119773,72.862,17879.23965450745
Chile,CHL,Americas,2023,19658835,81.167,17067.813615060055
Barbados,BRB,Americas,2023,282336,76.178,22645.23188546076
Moldova,MDA,Europe,2023,2457783,71.198,6729.41286813969
Saint Vincent and the Grenadines,VCT,Americas,2023,101323,71.23,10520.4441534791
North Macedonia,MKD,Europe,2023,1827816,77.395,8075.887858627837
Equatorial Guinea,GNQ,Africa,2023,1847549,63.707,6558.376822163403
Bolivia,BOL,Americas,2023,12244159,68.581,3744.629002809739
Namibia,NAM,Africa,2023,2963095,67.385,4168.285135558157
Kyrgyzstan,KGZ,Asia,2023,7099750,71.677,1970.1578096183864
Georgia,GEO,Asia,2023,3715483,74.496,8218.455172321515
Nauru,NRU,Oceania,2023,11875,62.109,12979.18300577191
Kazakhstan,KAZ,Asia,2023,20330104,74.402,12858.818680198196
 congo ,COG,Africa,2023,6182885,65.772,2477.978454770922
Dominica,DMA,Americas,2023,66510,71.132,9832.996430500563
Malawi,MWI,Africa,2023,21104482,67.353,667.3625565587207
Tajikistan,TJK,Asia,2023,10389799,71.79,1160.8118702631093
Canada,CAN,Americas,2023,40083484,82.63,53390.70744926892
Mali,MLI,Africa,2023,23769127,60.439,879.4979426989534
Poland,POL,Europe,2023,36687353,78.633,22111.9550567621
Turkey,TUR,Asia,2023,85325965,77.156,12985.758476443963
Malaysia,MYS,Asia,2023,35126298,76.657,11377.482151592072
Sao Tome and Principe,STP,Africa,2023,230871,69.718,2612.8909605546246
Suriname,SUR,Americas,2023,628886,73.631,6014.503894256238
India,IND,Asia,2023,1438069596,72.003,
Bahrain,BHR,Asia,2023,1577059,81.284,27395.931287288557
Italy,ITA,Europe,2023,58984216,83.716,38228.04413865236
Pakistan,PAK,Asia,2023,247504495,67.649,1367.1204448948524
Cameroon,CMR,Africa,2023,28372687,63.7,1689.8473553122712
Mexico,MEX,Americas,2023,129739759,75.069,13788.269955448375
Kiribati,KIR,Oceania,2023,132530,66.473,2105.4429571298683
Costa Rica,CRI,Americas,2023,5105525,80.799,16942.026811937547
Portugal,PRT,Europe,2023,10578174,82.36,27138.90068120426
New Zealand,NZL,Oceania,2023,5200000,82.088,
Vanuatu,VUT,Oceania,2023,320409,71.477,3515.236336117979
Egypt,EGY,Africa,2023,114535772,71.633,3456.7896845625296
Argentina,ARG,Americas,2023,45538401,77.395,14067.059813186752
Benin,BEN,Africa,2023,"14,111,034",60.774,1394.1773994735083
Mongolia,MNG,Asia,2023,3481145,71.734,5708.518424147083
Sweden,SWE,Europe,2023,10536632,83.262,56305.25020076702
Tunisia,TUN,Africa,2023,12200431,76.508,3977.695166396438
Lithuania,LTU,Europe,2023,2871585,76.025,27105.72626712145
Ghana,GHA,Africa,2023,33787914,65.498,2260.287344534388
Grenada,GRD,Americas,2023,117081,75.205,11277.100772874966
Cambodia,KHM,Asia,2023,17423880,70.668,1823.5180682406635
Lesotho,LSO,Africa,2023,2311472,57.375,885.1671248704462
Czechia,CZE,Europe,2023,10864042,79.834,30454.44226667074
Estonia,EST,Europe,2023,1370286,79.153,29734.55820752285
Thailand,THA,Asia,2023,71702435,76.412,7181.694650029355
Jamaica,JAM,Americas,2023,2839786,71.479,6839.725024081808
Australia,AUS,Oceania,2023,26659922,83.923,64659.874673853374
Togo,TGO,Africa,2023,9304337,62.739,985.6975123603798
Panama,PAN,Americas,2023,4458759,79.594,18700.80890220799
Honduras,HND,Americas,2023,10644851,72.884,3231.657244619361
Sudan,SDN,Africa,2023,50042791,66.331,2184.67078682187
Malta,MLT,Europe,2023,552747,83.299,37914.27081907575
Austria,AUT,Europe,2023,9131761,81.956,56509.8171224532
Luxembourg,LUX,Europe,2023,666430,82.229,128678.1899428261
Israel,ISR,Asia,2023,"9,849,000",82.408,51771.90534085727
Nepal,NPL,Asia,2023,29694614,70.354,1377.626035712925
Nigeria,NGA,Africa,2023,227882945,54.462,1592.1110361991891
Cape Verde,CPV,Africa,2023,522331,76.059,4953.280728705742
Angola,AGO,Africa,2023,36749906,64.617,2305.39249929988
Croatia,HRV,Europe,2023,3859686,78.58,21423.722737391745
El Salvador,SLV,Americas,2023,6309624,72.099,5391.069261813383
Iraq,IRQ,Asia,2023,45074049,72.324,5565.126446471764
South Korea,KOR,Asia,2023,51712619,,33121.37128855084
Luxembourg,LUX,Europe,2023,666430,82.229,128678.1899428261
Ethiopia,ETH,Africa,2023,128691692,67.315,1272.0162820921057
Latvia,LVA,Europe,2023,1883710,76.19,23160.188394862824
South Africa,ZAF,Africa,2023,63212384,66.139,5976.38590858831
Denmark,DNK,Europe,2023,5946952,81.933,67967.38186855623
Spain,ESP,Europe,2023,"48,352,528",83.67,32691.04590592893
Ecuador,ECU,Americas,2023,17980083,77.392,6609.804081549568
Senegal,SEN,Africa,2023,18077573,68.683,1715.6056528819468
Gambia,GMB,Africa,2023,2697845,65.86,867.3234217652029
Belgium,BEL,Europe,2023,11779946,82.115,53668.88583997832
Eswatini,SWZ,Africa,2023,1230506,64.123,3736.5570302320816
Botswana,BWA,Africa,2023,2480244,69.163,7820.103637510159
Belarus,BLR,Europe,2023,9178298,74.434,7829.0531366062205
Uzbekistan,UZB,Asia,2023,35652307,72.388,2549.320281201754
Palau,PLW,Oceania,2023,17727,69.269,14837.295296271845
Iran,IRN,Asia,2023,90608707,77.654,4431.191306137038
Azerbaijan,AZE,Asia,2023,10153958,74.429,7125.9085836861095
Mauritius,MUS,Africa,2023,1248647,74.926,11530.182094205122
Micronesia (country),FSM,Oceania,2023,112630,67.198,4084.169404243985
Sint Maarten (Dutch part),SXM,Americas,2023,42749,76.371,37969.67608899604
Bangladesh,BGD,Asia,2023,171466990,74.672,
Belize,BLZ,Americas,2023,411106,73.566,7982.126264272475
East Timor,TLS,Asia,2023,1384286,67.689,1620.433139150154
Gabon,GAB,Africa,2023,2484789,68.337,8256.690764753379
Turkmenistan,TKM,Asia,2023,7364438,70.073,8131.962662197053
Saint Lucia,LCA,Americas,2023,179285,72.697,14055.419798223313
Nicaragua,NIC,Americas,2023,6823613,74.947,2612.8702322068466
Brazil,BRA,Americas,2023,211140729,75.848,10294.866680777985
Somalia,SOM,Africa,2023,18358615,58.816,636.2026825091255
Paraguay,PRY,Americas,2023,6844146,73.844,6276.351139199568
Ukraine,UKR,Europe,2023,"37,732,836",73.422,4737.439332331367
Iceland,ISL,Europe,2023,385663,82.691,80433.00130735179
Central African Republic,CAF,Africa,2023,5152421,57.408,495.9788971530677
Saint Kitts and Nevis,KNA,Americas,2023,46758,72.145,23034.199732903693
China,CHN,Asia,2023,1410710000,77.953,12614.060994892256
Rwanda,RWA,Africa,2023,13954471,67.785,1010.2689415936668
Sri Lanka,LKA,Asia,2023,22037000,77.483,3827.9648056055703
United Kingdom,GBR,Europe,2023,68492000,81.302,48765.29201465917
Norway,NOR,Europe,2023,5519601,83.308,87961.66905970746
Sri Lanka,LKA,Asia,2023,22037000,77.483,3827.9648056055703
Maldives,MDV,Asia,2023,525994,,12547.671646444636
Singapore,SGP,Asia,2023,5917648,83.736,84734.25592060536
Uganda,UGA,Africa,2023,48656601,68.252,1012.6659322878512
Germany,DEU,Europe,2023,83287273,81.378,53502.54434078975
Comoros,COM,Africa,2023,850387,66.777,1590.312377960413
Bahamas,BHS,Americas,2023,399440,74.552,35896.50510715001
Zambia,ZMB,Africa,2023,20723965,66.349,1358.9402874367188
Hong Kong,HKG,Asia,2023,7536100,85.511,50696.59031840462
Belize,BLZ,Americas,2023,411106,73.566,7982.126264272475
Libya,LBY,Africa,2023,7305659,69.339,6911.316617128899
New Zealand,NZL,Oceania,2023,5200000,82.088,
Saudi Arabia,SAU,Asia,2023,33702731,78.732,31676.451778739636
Algeria,DZA,Africa,2023,46164219,76.261,5196.654385677843
Jordan,JOR,Asia,2023,11439213,77.814,4442.057539157164
Vietnam,VNM,Asia,2023,100352192,74.588,4282.088517305061
Kuwait,KWT,Asia,2023,4853420,80.405,33331.593381768245
Russia,RUS,Europe,2023,143826130,73.154,14054.619115701831
Antigua and Barbuda,ATG,Americas,2023,93316,77.598,21787.10173159142
Cote d'Ivoire,CIV,Africa,2023,31165654,61.944,2528.0659570584803
Tanzania,TZA,Africa,2023,66617606,66.995,1188.2487391324748
Colombia,COL,Americas,2023,52321152,77.725,6948.244492683732
Mozambique,MOZ,Africa,2023,33635160,63.611,613.1856618654261
Slovenia,SVN,Europe,2023,2120461,81.603,32170.731463829223
Finland,FIN,Europe,2023,5583911,81.91,53759.31004202677
Haiti,HTI,Americas,2023,11637398,64.936,1705.7790545401251
Djibouti,DJI,Africa,2023,1152944,,3554.8391886837244
Bosnia and Herzegovina,BIH,Europe,2023,3185073,,8494.276069303656
Armenia,ARM,Asia,2023,2964300,75.683,8167.90966874608
Fiji,FJI,Oceania,2023,924145,67.316,5945.817529428442
Indonesia,IDN,Asia,2023,281190067,71.146,4876.314327031882
Albania,ALB,Europe,2023,2414095,79.602,9518.133238666189
Tuvalu,TUV,Oceania,2023,9816,67.105,6344.775018868904
Puerto Rico,PRI,Americas,2023,3203792,81.69,36800.85973121851
Palestine,PSE,Asia,2023,5165775,65.17,3367.606990238638
Guyana,GUY,Americas,2023,826353,70.18,20313.71842090896
Trinidad and Tobago,TTO,Americas,2023,1367510,73.49,20577.50567841632
Romania,ROU,Europe,2023,19061062,75.938,18414.63920686424
Democratic Republic of Congo,COD,Africa,2023,105789731,61.895,627.5021816909327
Montenegro,MNE,Europe,2023,623529,77.087,11875.216653127263
Laos,LAO,Asia,2023,7664993,68.964,2066.9497977695714
Hungary,HUN,Europe,2023,9592186,77.024,22141.866979927618
Bulgaria,BGR,Europe,2023,6446596,75.636,15757.833230558555
Samoa,WSM,Oceania,2023,216663,71.698,4311.305281823172
Liberia,LBR,Africa,2023,5493031,62.163,788.6356366821888
Marshall Islands,MHL,Oceania,2023,38827,66.945,7314.497643392485
Slovakia,SVK,Europe,2023,5426740,78.341,24470.23853788296
Guinea-Bissau,GNB,Africa,2023,2153339,64.085,913.2149653901809
Burundi,BDI,Africa,2023,13689450,63.651,193.00714557031424
United Arab Emirates,ARE,Asia,2023,10483751,82.909,48090.94105033911
